review_id,k,scale,theta,tau2,conformal_lo,conformal_hi,conformal_width,standard_lo,standard_hi,standard_width,hksj_lo,hksj_hi,hksj_width,cov_conformal,cov_standard,cov_hksj,width_ratio_conf_std,width_ratio_conf_hksj,conformal_wider
CD000028,21,ratio,-0.2945,0,-0.9058,0.3168,1.2226,-0.4262,-0.1629,0.2633,-0.4047,-0.1844,0.2203,0.81,0.333,0.333,4.643,5.549,True
CD000143,12,ratio,-0.3594,0.3053,-1.6552,0.9365,2.5917,-1.6785,0.9598,2.6382,-1.6907,0.972,2.6627,0.75,0.75,0.75,0.982,0.973,False
CD000219,21,ratio,-0.2367,0.0264,-1.0756,0.6022,1.6778,-0.6043,0.1309,0.7352,-0.6086,0.1352,0.7439,0.81,0.667,0.667,2.282,2.255,True
CD000478,13,ratio,-0.3794,0,-1.0354,0.2766,1.312,-0.5606,-0.1983,0.3623,-0.5365,-0.2224,0.314,0.769,0.385,0.385,3.622,4.178,True
CD000547,48,ratio,1.0673,0.7851,-1.1516,3.2862,4.4378,-0.7496,2.8841,3.6336,-0.7485,2.883,3.6314,0.896,0.875,0.875,1.221,1.222,True
CD001155,59,ratio,-0.1339,0.1319,-1.496,1.2281,2.7241,-0.8798,0.6119,1.4917,-0.8818,0.614,1.4958,0.881,0.678,0.678,1.826,1.821,True
CD001321,27,ratio,-0.3496,0.1057,-1.301,0.6017,1.9027,-1.0447,0.3454,1.39,-1.0444,0.3451,1.3895,0.889,0.741,0.741,1.369,1.369,True
CD001396,30,ratio,0.8946,0.0676,-0.3502,2.1394,2.4896,0.3285,1.4607,1.1322,0.3255,1.4637,1.1382,0.9,0.7,0.7,2.199,2.187,True
CD001431,61,ratio,-0.023,0.0353,-0.9123,0.8662,1.7784,-0.4069,0.3608,0.7678,-0.412,0.3659,0.778,0.869,0.623,0.623,2.316,2.286,True
CD001533,21,ratio,-0.0658,0.0122,-1.8782,1.7465,3.6247,-0.3443,0.2126,0.5569,-0.3473,0.2157,0.563,0.857,0.524,0.524,6.509,6.438,True
CD001703,21,ratio,0.824,0,-1.2086,2.8566,4.0652,0.5154,1.1326,0.6172,0.5702,1.0778,0.5077,1.0,0.429,0.381,6.586,8.008,True
CD001797,5,ratio,0.8166,0,-0.2482,1.8815,2.1296,0.2819,1.3514,1.0696,0.3979,1.2354,0.8374,1.0,0.4,0.4,1.991,2.543,True
CD001837,49,ratio,0.2466,0.0328,-0.3557,0.849,1.2047,-0.1275,0.6207,0.7482,-0.1288,0.622,0.7508,0.878,0.653,0.653,1.61,1.605,True
CD001909,25,ratio,0.5526,0,-0.7451,1.8503,2.5954,0.3932,0.712,0.3188,0.3971,0.7081,0.311,1.0,0.12,0.12,8.142,8.345,True
CD002042,53,ratio,-0.5324,0.1024,-1.8794,0.8146,2.6939,-1.182,0.1172,1.2993,-1.1854,0.1206,1.3061,0.962,0.906,0.906,2.073,2.063,True
CD002112,21,ratio,0.2866,0.0275,-0.5706,1.1439,1.7145,-0.0847,0.658,0.7427,-0.0897,0.663,0.7527,0.81,0.667,0.667,2.308,2.278,True
CD002115,5,ratio,0.791,0.2031,-0.5139,2.096,2.6099,-0.8535,2.4356,3.2891,-0.6643,2.2463,2.9106,1.0,1.0,1.0,0.793,0.897,False
CD002122,56,ratio,-0.2112,0.3445,-2.6621,2.2397,4.9019,-1.4095,0.9871,2.3965,-1.4263,1.0039,2.4303,0.821,0.589,0.589,2.045,2.017,True
CD002203,50,ratio,-0.1308,0.104,-1.489,1.2274,2.7164,-0.7981,0.5364,1.3345,-0.7977,0.5361,1.3338,0.88,0.72,0.72,2.036,2.037,True
CD002243,180,ratio,-0.099,0.0111,-0.8248,0.6269,1.4517,-0.3098,0.1119,0.4217,-0.3103,0.1123,0.4226,0.894,0.5,0.5,3.442,3.435,True
CD002290,16,ratio,-0.4903,0.1187,-1.3311,0.3505,1.6817,-1.2623,0.2817,1.5439,-1.27,0.2893,1.5593,0.812,0.812,0.812,1.089,1.078,True
CD002303,5,ratio,0.438,0.0268,-0.19,1.066,1.256,-0.1782,1.0542,1.2324,-0.1003,0.9763,1.0766,1.0,1.0,1.0,1.019,1.167,True
CD002971,10,ratio,-0.599,0.0126,-3.3362,2.1383,5.4745,-1.123,-0.075,1.048,-1.1082,-0.0897,1.0186,1.0,0.4,0.4,5.224,5.375,True
CD003218,5,ratio,0.5303,0,-1.3269,2.3875,3.7144,-0.7963,1.8569,2.6532,-0.4545,1.5151,1.9695,0.8,0.8,0.8,1.4,1.886,True
CD003331,35,ratio,-0.0756,0,-2.3014,2.1502,4.4516,-0.3501,0.1989,0.5491,-0.2941,0.1429,0.437,1.0,0.171,0.171,8.107,10.186,True
CD003357,7,ratio,0.5704,0.2212,-1.8203,2.9612,4.7815,-0.77,1.9109,2.6808,-0.6804,1.8213,2.5017,1.0,1.0,1.0,1.784,1.911,True
CD003376,15,ratio,-0.277,0,-3.1004,2.5464,5.6468,-0.7483,0.1943,0.9426,-0.7414,0.1873,0.9287,1.0,0.2,0.2,5.991,6.08,True
CD003414,16,ratio,-0.0898,0,-1.0066,0.827,1.8336,-0.2876,0.108,0.3956,-0.284,0.1044,0.3883,1.0,0.438,0.438,4.636,4.722,True
CD003429,6,ratio,0.5499,0,-2.6437,3.7435,6.3871,-0.5134,1.6132,2.1266,-0.3525,1.4522,1.8047,1.0,0.667,0.333,3.003,3.539,True
CD003477,11,difference,-0.0477,0.0427,-0.7135,0.6182,1.3318,-0.5801,0.4847,1.0648,-0.5745,0.4792,1.0538,0.909,0.818,0.818,1.251,1.264,True
CD003511,8,ratio,-0.0984,0,-1.2666,1.0697,2.3363,-0.3108,0.1139,0.4247,-0.3024,0.1056,0.408,1.0,0.5,0.5,5.501,5.726,True
CD003519,15,ratio,0.209,0.0166,-0.7962,1.2142,2.0104,-0.1005,0.5184,0.6188,-0.0995,0.5175,0.617,1.0,0.667,0.667,3.249,3.258,True
CD003594,11,ratio,-0.6409,0.7249,-3.5394,2.2576,5.797,-2.7733,1.4914,4.2647,-2.7745,1.4927,4.2672,0.909,0.818,0.818,1.359,1.358,True
CD003598,21,ratio,-0.1686,0,-1.5218,1.1845,2.7062,-0.2922,-0.0451,0.2471,-0.285,-0.0523,0.2327,0.905,0.286,0.286,10.95,11.63,True
CD003743,6,ratio,-0.998,0,-1.3577,-0.6382,0.7195,-1.7759,-0.2201,1.5557,-1.2053,-0.7907,0.4146,0.833,1.0,0.5,0.462,1.735,False
CD003774,42,ratio,-0.8892,0,-1.9532,0.1748,2.1279,-1.042,-0.7364,0.3056,-1.0405,-0.7379,0.3025,0.857,0.19,0.19,6.964,7.033,True
CD003962,6,ratio,-0.2292,0.0002,-1.4241,0.9657,2.3898,-0.7008,0.2425,0.9433,-0.6659,0.2076,0.8735,0.5,0.5,0.5,2.533,2.736,True
CD004184,7,ratio,-0.1096,0.0397,-2.1908,1.9716,4.1624,-0.7472,0.5281,1.2753,-0.7518,0.5327,1.2845,1.0,0.714,0.714,3.264,3.241,True
CD004307,42,ratio,0.4196,0.0343,-0.9144,1.7536,2.668,0.0197,0.8194,0.7997,0.0184,0.8208,0.8023,0.929,0.452,0.452,3.336,3.325,True
CD004376,104,ratio,-0.0254,0,-1.1787,1.1279,2.3066,-0.1176,0.0668,0.1844,-0.1097,0.0589,0.1686,0.885,0.212,0.212,12.506,13.679,True
CD004406,6,ratio,0.1083,0,-0.0717,0.2883,0.36,-0.168,0.3846,0.5526,-0.002,0.2185,0.2205,1.0,1.0,0.5,0.651,1.633,False
CD004417,17,ratio,-3.5277,0.9622,-5.6769,-1.3785,4.2984,-5.6982,-1.3572,4.341,-5.7139,-1.3415,4.3724,0.882,0.882,0.882,0.99,0.983,False
CD004508,6,ratio,-0.062,0.1183,-1.7675,1.6435,3.411,-1.1385,1.0146,2.1531,-1.0461,0.9222,1.9683,1.0,1.0,1.0,1.584,1.733,True
CD004661,12,ratio,-0.0422,0,-0.5224,0.4379,0.9603,-0.1914,0.1069,0.2983,-0.1602,0.0757,0.2359,1.0,0.333,0.333,3.219,4.071,True
CD004667,16,ratio,-0.0926,0.0071,-0.5007,0.3155,0.8161,-0.2959,0.1107,0.4066,-0.2953,0.1101,0.4054,0.875,0.812,0.812,2.007,2.013,True
CD004736,14,ratio,-1.1842,0.3747,-2.9984,0.6299,3.6283,-2.6032,0.2348,2.838,-2.6233,0.2549,2.8782,0.857,0.714,0.714,1.278,1.261,True
CD004762,5,difference,-0.326,0.036,-0.804,0.1519,0.9559,-1.0291,0.377,1.406,-1.0287,0.3767,1.4054,0.6,0.6,0.6,0.68,0.68,False
CD004871,5,ratio,-0.4359,0.0768,-1.3101,0.4383,1.7484,-1.4458,0.574,2.0198,-1.3472,0.4754,1.8226,1.0,1.0,1.0,0.866,0.959,False
CD004925,31,ratio,-1.0626,0,-4.0409,1.9157,5.9567,-1.4199,-0.7053,0.7146,-1.4002,-0.725,0.6752,1.0,0.226,0.226,8.335,8.822,True
CD004953,11,ratio,0.0023,0.0631,-1.0049,1.0094,2.0143,-0.655,0.6596,1.3146,-0.6406,0.6452,1.2858,0.909,0.727,0.727,1.532,1.567,True
CD005133,39,ratio,-0.1025,0.0067,-1.1438,0.9387,2.0825,-0.299,0.094,0.393,-0.2987,0.0936,0.3923,0.795,0.308,0.308,5.299,5.308,True
CD005187,5,ratio,-0.3654,0.0045,-0.6683,-0.0624,0.6059,-0.6771,-0.0536,0.6235,-0.6361,-0.0946,0.5415,1.0,1.0,1.0,0.972,1.119,False
CD005343,31,ratio,-0.5631,0.1491,-3.5842,2.458,6.0422,-1.3989,0.2727,1.6716,-1.4093,0.2831,1.6925,1.0,0.548,0.548,3.615,3.57,True
CD005495,9,ratio,-0.1267,0,-1.543,1.2897,2.8327,-0.6117,0.3584,0.9701,-0.5574,0.3041,0.8615,0.889,0.667,0.667,2.92,3.288,True
CD005566,28,ratio,-0.1776,0,-4.4777,4.1225,8.6001,-0.2727,-0.0825,0.1902,-0.2711,-0.0841,0.187,1.0,0.071,0.071,45.212,46.001,True
CD005595,32,ratio,0.2041,0,-3.2289,3.637,6.866,-0.0942,0.5023,0.5965,-0.0486,0.4567,0.5053,1.0,0.219,0.219,11.51,13.588,True
CD005951,7,ratio,-0.2514,0.0579,-1.8693,1.3665,3.2357,-1.005,0.5022,1.5072,-0.964,0.4612,1.4253,1.0,0.714,0.714,2.147,2.27,True
CD006023,18,ratio,-1.2207,0.2555,-4.8569,2.4155,7.2724,-2.3664,-0.0749,2.2916,-2.3431,-0.0982,2.2448,1.0,0.833,0.833,3.174,3.24,True
CD006124,6,ratio,0.0204,0.4487,-1.3876,1.4285,2.816,-2.0321,2.073,4.105,-1.8928,1.9337,3.8265,1.0,1.0,1.0,0.686,0.736,False
CD006140,8,ratio,-0.2352,0.0204,-1.234,0.7636,1.9976,-0.6212,0.1507,0.7719,-0.6602,0.1897,0.8499,1.0,0.75,0.75,2.588,2.35,True
CD006185,78,ratio,0.5409,0.1663,-0.8122,1.894,2.7062,-0.2915,1.3733,1.6648,-0.2899,1.3717,1.6615,0.897,0.628,0.628,1.626,1.629,True
CD006257,9,ratio,-0.0901,0.0216,-5.4279,5.2478,10.6757,-0.5355,0.3553,0.8908,-0.5181,0.3379,0.8559,1.0,0.444,0.444,11.985,12.472,True
CD006404,112,ratio,-0.0351,0.0422,-1.5561,1.4858,3.042,-0.4515,0.3812,0.8328,-0.4514,0.3812,0.8326,0.893,0.482,0.482,3.653,3.654,True
CD006475,27,ratio,-0.1499,0.0271,-0.9876,0.6878,1.6754,-0.5123,0.2125,0.7248,-0.5143,0.2144,0.7287,0.889,0.519,0.519,2.312,2.299,True
CD006515,5,ratio,0.2932,0,-1.2581,1.8445,3.1026,-1.4924,2.0789,3.5713,-0.7345,1.3209,2.0554,1.0,1.0,0.8,0.869,1.509,False
CD006536,43,ratio,-0.1616,0,-2.6206,2.2974,4.918,-0.4952,0.172,0.6672,-0.4334,0.1102,0.5436,1.0,0.14,0.14,7.371,9.047,True
CD006632,23,difference,-1.1693,0.4923,-4.3152,1.9766,6.2918,-2.711,0.3724,3.0834,-2.754,0.4154,3.1694,0.826,0.565,0.609,2.041,1.985,True
CD006689,5,ratio,-0.4712,0,-1.2654,0.323,1.5884,-1.1694,0.227,1.3965,-0.964,0.0215,0.9855,0.8,0.8,0.8,1.137,1.612,True
CD006913,29,ratio,-0.0594,0.0073,-1.0018,0.8829,1.8847,-0.2406,0.1218,0.3624,-0.2489,0.1301,0.379,0.966,0.828,0.862,5.2,4.973,True
CD006919,19,ratio,0.4066,0.12,-1.1422,1.9554,3.0976,-0.3975,1.2107,1.6082,-0.3953,1.2085,1.6037,0.895,0.684,0.684,1.926,1.931,True
CD007024,18,ratio,0.1389,0,-0.7827,1.0605,1.8432,-0.0209,0.2987,0.3196,0.0029,0.2749,0.272,0.833,0.444,0.389,5.767,6.775,True
CD007026,7,ratio,-0.0555,0,-0.616,0.505,1.121,-0.5626,0.4517,1.0143,-0.293,0.182,0.475,0.571,0.571,0.571,1.105,2.36,True
CD007079,10,ratio,-0.224,0.0426,-0.986,0.5379,1.5239,-0.7613,0.3132,1.0745,-0.7704,0.3223,1.0927,0.7,0.6,0.6,1.418,1.395,True
CD007130,26,ratio,0.0349,0.0035,-0.3144,0.3841,0.6984,-0.095,0.1647,0.2597,-0.0969,0.1666,0.2634,0.923,0.654,0.692,2.689,2.651,True
CD007310,7,ratio,0.292,0,-0.4552,1.0391,1.4944,-0.8751,1.4591,2.3342,-0.0372,0.6211,0.6583,0.857,1.0,0.714,0.64,2.27,False
CD007374,6,ratio,-0.1778,0,-1.0121,0.6565,1.6686,-1.2357,0.8801,2.1158,-0.6524,0.2968,0.9492,0.833,1.0,0.667,0.789,1.758,False
CD007491,8,ratio,0.0489,0.0507,-0.8054,0.9033,1.7087,-0.5916,0.6895,1.2812,-0.5688,0.6667,1.2355,1.0,0.875,0.875,1.334,1.383,True
CD007569,6,ratio,0.0815,0.0031,-0.3901,0.5531,0.9432,-0.1498,0.3128,0.4625,-0.128,0.291,0.419,1.0,0.833,0.833,2.039,2.251,True
CD007572,10,ratio,-0.1549,0.0075,-0.4399,0.13,0.5698,-0.3717,0.0619,0.4336,-0.3763,0.0664,0.4426,0.9,0.8,0.8,1.314,1.287,True
CD007639,5,ratio,-0.0323,0.1657,-0.9777,0.9131,1.8907,-1.5204,1.4558,2.9762,-1.3226,1.2581,2.5807,1.0,1.0,1.0,0.635,0.733,False
CD007674,28,ratio,0.3916,0.2472,-1.18,1.9633,3.1433,-0.6578,1.4411,2.0989,-0.663,1.4462,2.1092,0.893,0.75,0.75,1.498,1.49,True
CD007784,13,ratio,-0.3303,0.0072,-0.7934,0.1329,0.9262,-0.5412,-0.1193,0.4219,-0.5415,-0.1191,0.4224,0.769,0.538,0.538,2.195,2.193,True
CD007896,35,ratio,0.8428,0,-1.7009,3.3865,5.0874,0.5942,1.0915,0.4973,0.6038,1.0819,0.4781,1.0,0.286,0.286,10.23,10.64,True
CD008063,50,difference,0.1791,0.0129,-0.3816,0.7397,1.1213,-0.0562,0.4143,0.4706,-0.0571,0.4152,0.4722,0.92,0.7,0.7,2.383,2.375,True
CD008145,6,ratio,0.3092,0.0359,-0.1558,0.7741,0.9299,-0.2702,0.8885,1.1587,-0.2315,0.8499,1.0814,1.0,1.0,1.0,0.803,0.86,False
CD008165,13,ratio,-0.2079,0.0785,-1.7042,1.2884,2.9926,-0.8585,0.4426,1.3011,-0.8731,0.4573,1.3304,1.0,0.846,0.846,2.3,2.249,True
CD008176,38,ratio,-0.0488,0,-2.6195,2.5219,5.1414,-0.2032,0.1057,0.3089,-0.1734,0.0759,0.2494,1.0,0.211,0.158,16.646,20.617,True
CD008237,6,ratio,0.4677,0.0644,-0.6871,1.6224,2.3095,-0.3586,1.2939,1.6526,-0.2808,1.2161,1.4969,1.0,1.0,1.0,1.398,1.543,True
CD008349,68,difference,0.2695,0.2229,-1.2058,1.7447,2.9504,-0.6845,1.2235,1.908,-0.6872,1.2262,1.9134,0.971,0.882,0.897,1.546,1.542,True
CD008469,11,ratio,0.0199,0,-2.4893,2.5291,5.0184,-0.8466,0.8864,1.7331,-0.7592,0.7991,1.5583,1.0,0.455,0.455,2.896,3.22,True
CD008493,10,ratio,-0.1007,0.0299,-0.6446,0.4432,1.0878,-0.5448,0.3434,0.8882,-0.559,0.3575,0.9165,0.6,0.5,0.5,1.225,1.187,True
CD008552,5,ratio,0.2392,0.2673,-2.9123,3.3907,6.303,-1.6933,2.1717,3.865,-1.4328,1.9111,3.3439,1.0,1.0,1.0,1.631,1.885,True
CD008564,12,ratio,-0.1066,0.0007,-0.7543,0.5411,1.2954,-0.3076,0.0945,0.4021,-0.3049,0.0918,0.3968,0.917,0.417,0.417,3.221,3.265,True
CD008628,9,ratio,0.1709,0,-0.9873,1.3291,2.3164,-0.2606,0.6025,0.8631,-0.2113,0.5531,0.7644,0.889,0.444,0.444,2.684,3.03,True
CD008709,31,ratio,-0.3898,0,-2.889,2.1094,4.9984,-0.7549,-0.0248,0.7301,-0.6916,-0.088,0.6036,0.968,0.258,0.226,6.846,8.281,True
CD008858,63,ratio,0.7621,0.3548,-0.9097,2.434,3.3437,-0.4458,1.9701,2.4158,-0.4499,1.9742,2.4242,0.889,0.81,0.81,1.384,1.379,True
CD008879,8,ratio,-0.2404,0,-0.9905,0.5098,1.5003,-0.5393,0.0585,0.5978,-0.5199,0.0391,0.559,0.875,0.625,0.625,2.51,2.684,True
CD009022,9,ratio,1.0835,0,-1.3137,3.4807,4.7944,0.147,2.02,1.8729,0.4619,1.705,1.2431,1.0,0.667,0.667,2.56,3.857,True
CD009102,5,ratio,-0.3651,0.1144,-1.7647,1.0345,2.7992,-1.6595,0.9293,2.5889,-1.6462,0.916,2.5622,0.6,0.6,0.6,1.081,1.093,True
CD009235,31,ratio,-0.0647,0,-0.9554,0.826,1.7814,-0.2053,0.0759,0.2813,-0.2003,0.0709,0.2711,0.71,0.194,0.194,6.333,6.57,True
CD009252,14,ratio,0.1694,0.1747,-2.2872,2.626,4.9131,-0.8341,1.1729,2.007,-0.8296,1.1684,1.998,1.0,0.714,0.714,2.448,2.459,True
CD009298,11,ratio,-0.0633,0.0046,-0.934,0.8073,1.7413,-0.2753,0.1487,0.424,-0.2729,0.1462,0.4191,1.0,0.545,0.545,4.107,4.155,True
CD009362,27,ratio,-0.9545,0.0607,-4.0023,2.0933,6.0957,-1.5796,-0.3294,1.2503,-1.5786,-0.3304,1.2482,1.0,0.333,0.333,4.875,4.883,True
CD009417,5,ratio,0.1087,0.0438,-2.2677,2.4851,4.7527,-0.7276,0.945,1.6726,-0.5883,0.8057,1.3939,1.0,1.0,1.0,2.842,3.41,True
CD009508,10,ratio,0.8005,0.5647,-1.7376,3.3385,5.0761,-1.1107,2.7116,3.8223,-1.146,2.7469,3.8929,0.9,0.7,0.7,1.328,1.304,True
CD009531,8,ratio,0.1872,0,-0.3501,0.7244,1.0745,-0.1179,0.4922,0.6101,0.0222,0.3521,0.3299,1.0,0.75,0.375,1.761,3.257,True
CD009535,9,ratio,-0.2262,0.0466,-1.2446,0.7923,2.0369,-0.7771,0.3247,1.1018,-0.7601,0.3077,1.0679,0.889,0.889,0.889,1.849,1.907,True
CD009609,8,ratio,-0.5905,0.0877,-2.0558,0.8749,2.9306,-1.4392,0.2583,1.6975,-1.4506,0.2697,1.7203,0.75,0.625,0.625,1.726,1.704,True
CD009679,24,ratio,-0.0291,0.4996,-8.5071,8.4488,16.9559,-1.5825,1.5242,3.1067,-1.5663,1.508,3.0743,1.0,0.75,0.75,5.458,5.515,True
CD009730,10,ratio,-0.0391,0.1151,-3.4898,3.4116,6.9014,-1.1898,1.1115,2.3013,-1.1616,1.0833,2.2449,1.0,0.6,0.6,2.999,3.074,True
CD009749,25,ratio,0.0594,0,-1.6671,1.7858,3.4529,-0.154,0.2727,0.4267,-0.113,0.2318,0.3448,0.88,0.4,0.36,8.092,10.013,True
CD009788,5,ratio,-0.388,0.0116,-1.8273,1.0512,2.8784,-0.9938,0.2177,1.2116,-0.9213,0.1452,1.0665,0.8,0.8,0.8,2.376,2.699,True
CD010001,25,ratio,0.3713,0.0295,-0.4638,1.2065,1.6703,-0.0192,0.7618,0.781,-0.0191,0.7618,0.7809,0.88,0.56,0.56,2.139,2.139,True
CD010145,9,ratio,1.2174,0,-1.0387,3.4735,4.5122,0.3223,2.1124,1.7901,0.7905,1.6442,0.8537,1.0,0.889,0.556,2.521,5.286,True
CD010189,6,ratio,0.0966,0.0237,-0.4671,0.6603,1.1274,-0.4313,0.6245,1.0559,-0.3897,0.5829,0.9726,1.0,1.0,1.0,1.068,1.159,True
CD010216,7,ratio,-0.0746,0,-1.248,1.0988,2.3468,-0.5029,0.3537,0.8566,-0.4667,0.3176,0.7843,0.714,0.429,0.429,2.74,2.992,True
CD010290,7,ratio,0.3627,0,-0.6885,1.4138,2.1023,-0.422,1.1474,1.5694,-0.0843,0.8097,0.894,1.0,1.0,0.714,1.34,2.352,True
CD010779,5,difference,0.0629,0.0298,-0.6499,0.7756,1.4255,-0.6975,0.8233,1.5208,-0.6034,0.7292,1.3326,1.0,1.0,1.0,0.937,1.07,False
CD010856,12,difference,0.983,0.55,-0.8158,2.7818,3.5976,-0.7435,2.7096,3.4531,-0.7293,2.6953,3.4246,1.0,1.0,1.0,1.042,1.051,True
CD010966,67,ratio,-0.2072,0,-1.5779,1.1634,2.7413,-0.3594,-0.0551,0.3044,-0.3262,-0.0883,0.2379,0.821,0.209,0.164,9.007,11.521,True
CD011039,5,ratio,-0.2753,0.2468,-1.4918,0.9412,2.433,-2.0862,1.5356,3.6218,-1.9085,1.3579,3.2664,0.8,1.0,1.0,0.672,0.745,False
CD011044,26,ratio,0.5725,0.0716,-0.7392,1.8842,2.6234,-0.0128,1.1578,1.1707,-0.0106,1.1556,1.1663,0.962,0.731,0.731,2.241,2.249,True
CD011120,9,ratio,0.1035,0,-0.8749,1.0819,1.9569,-0.1909,0.3979,0.5887,-0.1216,0.3286,0.4502,1.0,0.667,0.556,3.324,4.347,True
CD011197,6,ratio,0.2627,0,-1.3743,1.8997,3.274,-0.7569,1.2822,2.0391,-0.509,1.0344,1.5434,1.0,0.5,0.333,1.606,2.121,True
CD011204,13,ratio,0.4369,0.0895,-0.396,1.2697,1.6656,-0.261,1.1347,1.3957,-0.2464,1.1201,1.3665,1.0,1.0,1.0,1.193,1.219,True
CD011381,46,ratio,0.1924,0.2234,-1.116,1.5008,2.6168,-0.7788,1.1636,1.9424,-0.7811,1.166,1.9471,0.848,0.717,0.717,1.347,1.344,True
CD011535,38,ratio,3.292,0.2172,-2.0893,8.6734,10.7628,2.2965,4.2876,1.9912,2.306,4.2781,1.9721,1.0,0.868,0.868,5.405,5.458,True
CD011600,5,ratio,0.4633,0,0.0568,0.8699,0.8131,0.1787,0.7479,0.5692,0.2273,0.6994,0.4721,0.8,0.6,0.6,1.428,1.722,True
CD011626,11,ratio,0.5696,0.3305,-4.728,5.8672,10.5952,-0.9601,2.0993,3.0594,-0.9094,2.0485,2.9579,1.0,0.818,0.818,3.463,3.582,True
CD011627,8,ratio,-0.4069,0.6937,-2.4885,1.6746,4.1632,-2.6429,1.829,4.4719,-2.5937,1.7798,4.3735,0.875,0.875,0.875,0.931,0.952,False
CD011670,7,ratio,-0.0183,0.3688,-1.4379,1.4013,2.8392,-1.8333,1.7967,3.63,-1.7701,1.7334,3.5035,0.714,0.714,0.714,0.782,0.81,False
CD011671,17,ratio,-0.2485,0.0132,-0.853,0.3559,1.2088,-0.5219,0.0249,0.5468,-0.5238,0.0267,0.5504,0.941,0.647,0.647,2.211,2.196,True
CD011689,31,ratio,1.3332,0.288,-0.6502,3.3165,3.9667,0.2052,2.4611,2.2559,0.1852,2.4811,2.296,0.935,0.742,0.742,1.758,1.728,True
CD011762,29,ratio,-0.0351,0.0417,-1.6845,1.6142,3.2986,-0.5275,0.4572,0.9847,-0.5273,0.457,0.9843,0.931,0.345,0.345,3.35,3.351,True
CD011778,38,difference,0.4376,0.1838,-0.8448,1.72,2.5648,-0.4453,1.3204,1.7658,-0.4465,1.3216,1.7681,1.0,0.947,0.947,1.453,1.451,True
CD011793,13,ratio,-0.1285,0,-2.0781,1.8211,3.8992,-0.7332,0.4762,1.2094,-0.675,0.418,1.093,1.0,0.462,0.308,3.224,3.568,True
CD011866,28,ratio,-0.1932,0.0154,-1.0964,0.71,1.8063,-0.4704,0.0841,0.5545,-0.4714,0.085,0.5565,0.964,0.643,0.643,3.258,3.246,True
CD011885,7,ratio,0.2229,0.1411,-1.6658,2.1116,3.7774,-0.9297,1.3756,2.3053,-0.8835,1.3294,2.2129,1.0,0.857,0.714,1.639,1.707,True
CD012067,38,ratio,0.6381,1.0609,-3.3917,4.6679,8.0596,-1.487,2.7632,4.2502,-1.4981,2.7742,4.2723,1.0,0.842,0.842,1.896,1.886,True
CD012079,52,ratio,0.4463,0.7012,-2.3985,3.291,5.6895,-1.2772,2.1697,3.4469,-1.2784,2.1709,3.4493,1.0,0.788,0.788,1.651,1.649,True
CD012170,8,difference,-2.0445,14.5461,-22.7542,18.6652,41.4193,-12.2601,8.1711,20.4312,-11.5378,7.4489,18.9867,1.0,1.0,1.0,2.027,2.181,True
CD012178,5,ratio,-0.0913,0,-1.3362,1.1536,2.4899,-1.2717,1.0891,2.3608,-0.8274,0.6448,1.4723,1.0,1.0,0.8,1.055,1.691,True
CD012186,105,ratio,0.2843,0.1822,-1.3181,1.8868,3.2049,-0.5721,1.1407,1.7128,-0.574,1.1426,1.7166,0.895,0.619,0.619,1.871,1.867,True
CD012268,21,difference,-0.1513,0.1552,-5.5282,5.2257,10.7539,-1.0772,0.7747,1.8519,-1.0611,0.7586,1.8197,1.0,0.476,0.476,5.807,5.91,True
CD012445,5,difference,-0.0912,0.1929,-1.352,1.1697,2.5217,-1.6974,1.5151,3.2125,-1.5137,1.3314,2.8451,1.0,1.0,1.0,0.785,0.886,False
CD012503,17,ratio,-0.1657,0.0016,-2.0338,1.7025,3.7362,-0.3451,0.0138,0.3588,-0.3441,0.0128,0.3569,1.0,0.118,0.118,10.413,10.467,True
CD012570,10,ratio,-0.0077,0,-0.1859,0.1705,0.3563,-0.1019,0.0865,0.1885,-0.0762,0.0608,0.137,0.8,0.5,0.3,1.891,2.6,True
CD012586,42,ratio,-0.0578,0,-0.5314,0.4159,0.9473,-0.1212,0.0057,0.1269,-0.1113,-0.0043,0.107,0.929,0.452,0.405,7.465,8.852,True
CD012623,9,ratio,0.0571,0.0024,-0.1536,0.2678,0.4213,-0.0841,0.1984,0.2825,-0.0827,0.1969,0.2796,0.778,0.778,0.778,1.492,1.507,True
CD012635,6,ratio,-0.0308,0.0169,-0.7384,0.6767,1.4151,-0.4938,0.4321,0.9259,-0.4774,0.4157,0.893,0.667,0.667,0.667,1.528,1.585,True
CD012693,8,ratio,-0.7774,0.1469,-3.041,1.4863,4.5273,-1.9234,0.3687,2.2921,-1.8823,0.3275,2.2098,1.0,0.625,0.625,1.975,2.049,True
CD012712,20,ratio,-0.819,0,-1.7468,0.1089,1.8558,-0.9623,-0.6756,0.2867,-0.9376,-0.7003,0.2373,0.9,0.35,0.35,6.473,7.82,True
CD012718,5,ratio,0.4882,0.0559,-0.2267,1.2031,1.4298,-0.3503,1.3267,1.677,-0.2357,1.2122,1.4479,1.0,1.0,1.0,0.853,0.988,False
CD012850,5,ratio,-0.0373,0.0069,-0.6629,0.5883,1.2513,-0.4853,0.4107,0.896,-0.4364,0.3618,0.7982,0.6,0.6,0.6,1.396,1.568,True
CD012891,13,ratio,-0.597,0.2034,-1.564,0.37,1.934,-1.6533,0.4594,2.1127,-1.643,0.449,2.092,0.769,0.846,0.846,0.915,0.924,False
CD012905,12,ratio,-0.3734,0.063,-1.8115,1.0648,2.8763,-0.9961,0.2493,1.2454,-0.9927,0.2459,1.2386,0.833,0.833,0.833,2.309,2.322,True
CD012925,6,ratio,-0.135,0.0469,-0.9413,0.6714,1.6127,-0.8023,0.5323,1.3346,-0.7571,0.4871,1.2442,1.0,1.0,1.0,1.208,1.296,True
CD012942,36,ratio,0.0284,0.0432,-0.6422,0.699,1.3411,-0.4063,0.4631,0.8694,-0.4056,0.4624,0.8681,0.972,0.861,0.861,1.543,1.545,True
CD012993,13,ratio,0.1398,0.11,-1.2585,1.5382,2.7967,-0.6776,0.9573,1.6348,-0.6707,0.9504,1.6211,1.0,0.846,0.846,1.711,1.725,True
CD013042,13,ratio,0.0774,0.0093,-0.7753,0.9301,1.7055,-0.1572,0.3121,0.4693,-0.1656,0.3205,0.4861,1.0,0.615,0.615,3.634,3.509,True
CD013051,7,ratio,0.6274,0.2259,-2.3432,3.598,5.9413,-0.6962,1.951,2.6472,-0.5915,1.8463,2.4378,1.0,1.0,1.0,2.244,2.437,True
CD013052,5,ratio,0.0185,0,-0.0789,0.1159,0.1949,-0.0773,0.1142,0.1915,-0.0249,0.0619,0.0868,0.8,0.8,0.6,1.018,2.245,True
CD013054,8,ratio,-0.2663,0.0084,-0.5144,-0.0181,0.4962,-0.5221,-0.0104,0.5117,-0.5107,-0.0218,0.4889,1.0,1.0,1.0,0.97,1.015,False
CD013059,5,ratio,1.2367,0,-1.2374,3.7108,4.9482,-0.4829,2.9563,3.4392,0.0035,2.4699,2.4663,1.0,0.8,0.8,1.439,2.006,True
CD013071,16,ratio,-0.2997,0,-1.9428,1.3434,3.2861,-0.6783,0.0789,0.7572,-0.5788,-0.0206,0.5581,0.875,0.375,0.25,4.34,5.888,True
CD013105,5,ratio,-0.7443,0.4552,-3.4815,1.9929,5.4744,-3.3364,1.8477,5.1841,-2.9377,1.449,4.3867,1.0,1.0,1.0,1.056,1.248,True
CD013197,64,ratio,-0.1503,1.2938,-3.0518,2.7512,5.803,-2.4549,2.1544,4.6093,-2.4468,2.1462,4.5929,1.0,0.984,0.984,1.259,1.263,True
CD013232,121,ratio,0.0314,0,-1.4879,1.5508,3.0387,-0.1132,0.1761,0.2893,-0.0887,0.1516,0.2403,0.876,0.132,0.124,10.504,12.647,True
CD013255,9,ratio,0.8126,0.1356,-0.0523,1.6776,1.73,-0.1218,1.7471,1.8689,-0.0985,1.7238,1.8222,1.0,1.0,1.0,0.926,0.949,False
CD013278,12,ratio,0.1834,0,-0.6662,1.033,1.6992,-0.0749,0.4417,0.5166,-0.0489,0.4158,0.4647,0.833,0.333,0.333,3.289,3.656,True
CD013295,66,ratio,-0.3585,0.206,-1.9606,1.2436,3.2043,-1.2825,0.5655,1.8481,-1.2844,0.5674,1.8518,0.909,0.667,0.667,1.734,1.73,True
CD013332,10,ratio,-0.4722,0.0966,-1.9456,1.0013,2.9469,-1.2707,0.3263,1.597,-1.2433,0.299,1.5423,1.0,0.9,0.9,1.845,1.911,True
CD013342,8,ratio,0.3506,0.0826,-0.9747,1.6759,2.6505,-0.4614,1.1627,1.6241,-0.4415,1.1427,1.5841,0.875,0.625,0.625,1.632,1.673,True
CD013344,6,ratio,0.5704,0,-0.9189,2.0597,2.9786,-0.4836,1.6244,2.108,-0.2179,1.3587,1.5766,0.833,0.667,0.667,1.413,1.889,True
CD013353,6,difference,-2.1839,2.4296,-11.2527,6.8849,18.1376,-6.9879,2.6202,9.608,-6.5141,2.1464,8.6605,1.0,1.0,1.0,1.888,2.094,True
CD013358,6,ratio,0.368,0.4363,-1.9645,2.7005,4.665,-1.6622,2.3982,4.0604,-1.5155,2.2515,3.767,1.0,1.0,1.0,1.149,1.238,True
CD013366,7,ratio,-0.1701,0.0081,-1.6555,1.3154,2.971,-0.8264,0.4863,1.3128,-0.7965,0.4564,1.2529,1.0,0.429,0.429,2.263,2.371,True
CD013396,16,ratio,-0.1489,0.2353,-2.5062,2.2084,4.7146,-1.2871,0.9894,2.2765,-1.2809,0.9831,2.264,0.938,0.625,0.625,2.071,2.082,True
CD013408,5,ratio,-0.4448,0.0483,-1.4407,0.5511,1.9918,-1.3251,0.4355,1.7606,-1.2164,0.3268,1.5431,1.0,1.0,1.0,1.131,1.291,True
CD013414,15,ratio,0.6069,0.1791,-2.5491,3.7628,6.3118,-0.3742,1.5879,1.9621,-0.3491,1.5628,1.9119,1.0,0.933,0.867,3.217,3.301,True
CD013421,15,ratio,-0.7669,0.1345,-1.7784,0.2447,2.0231,-1.612,0.0783,1.6903,-1.6188,0.0851,1.7039,0.733,0.733,0.733,1.197,1.187,True
CD013425,21,ratio,0.6876,0,-0.5671,1.9423,2.5094,0.4546,0.9206,0.466,0.5069,0.8683,0.3614,0.857,0.286,0.143,5.385,6.944,True
CD013445,39,ratio,0.1118,0.0068,-0.2288,0.4524,0.6812,-0.0604,0.284,0.3444,-0.0624,0.286,0.3483,0.923,0.692,0.692,1.978,1.955,True
CD013456,12,ratio,0.3555,0.0369,-1.2005,1.9115,3.112,-0.1722,0.8831,1.0552,-0.1704,0.8813,1.0517,0.917,0.75,0.75,2.949,2.959,True
CD013462,17,ratio,0.299,0.7111,-1.8949,2.493,4.3879,-1.6029,2.2009,3.8038,-1.6017,2.1997,3.8014,0.882,0.824,0.824,1.154,1.154,True
CD013474,6,ratio,-0.0732,0.0504,-1.4405,1.2941,2.7347,-0.7947,0.6483,1.4431,-0.7434,0.597,1.3403,1.0,0.833,0.833,1.895,2.04,True
CD013539,29,ratio,0.0021,0,-1.2944,1.2985,2.5929,-0.124,0.1281,0.2521,-0.1168,0.121,0.2378,0.931,0.241,0.241,10.287,10.904,True
CD013541,8,ratio,-0.1637,0,-1.2015,0.8741,2.0756,-0.6838,0.3564,1.0402,-0.5032,0.1759,0.6791,1.0,0.5,0.5,1.995,3.056,True
CD013561,5,ratio,0.2108,0.1155,-0.8444,1.266,2.1104,-1.1391,1.5607,2.6998,-0.9887,1.4103,2.399,0.8,1.0,0.8,0.782,0.88,False
CD013590,5,ratio,0.4638,0,-2.4762,3.4038,5.88,-0.5649,1.4925,2.0574,-0.2954,1.2229,1.5183,1.0,0.8,0.6,2.858,3.873,True
CD013591,13,difference,5.4592,15.7784,-464.2797,475.198,939.4777,-4.182,15.1003,19.2823,-5.6301,16.5484,22.1785,0.923,0.385,0.385,48.722,42.36,True
CD013614,15,ratio,1.0759,0.1341,0.3155,1.8362,1.5208,0.2457,1.906,1.6603,0.2506,1.9011,1.6505,0.933,0.933,0.933,0.916,0.921,False
CD013643,6,ratio,1.3222,0.5311,-1.6219,4.2662,5.8881,-1.0521,3.6965,4.7486,-0.8859,3.5302,4.4161,1.0,0.833,0.833,1.24,1.333,True
CD013672,7,ratio,0.1359,0.0265,-0.605,0.8768,1.4818,-0.3299,0.6018,0.9317,-0.3114,0.5833,0.8947,1.0,1.0,1.0,1.59,1.656,True
CD013715,7,ratio,0.5389,0.126,-1.5514,2.6292,4.1807,-0.5019,1.5798,2.0817,-0.4484,1.5262,1.9745,1.0,0.857,0.857,2.008,2.117,True
CD013726,12,ratio,-0.1767,0.5466,-3.8757,3.5223,7.398,-1.9376,1.5841,3.5217,-1.9425,1.5891,3.5316,1.0,0.75,0.75,2.101,2.095,True
CD013748,8,ratio,-0.2621,0,-0.8933,0.369,1.2623,-0.5725,0.0482,0.6207,-0.5082,-0.0161,0.492,0.875,0.875,0.5,2.034,2.566,True
CD013757,6,ratio,-0.7176,0.178,-2.7177,1.2824,4.0001,-2.1196,0.6843,2.8039,-2.133,0.6977,2.8308,0.833,0.667,0.667,1.427,1.413,True
CD013763,21,ratio,-0.7568,0.0459,-1.9787,0.4652,2.4439,-1.2777,-0.2358,1.0419,-1.2742,-0.2394,1.0348,0.952,0.381,0.381,2.346,2.362,True
CD013773,7,ratio,-0.1956,0,-0.3656,-0.0257,0.3399,-0.3619,-0.0294,0.3326,-0.2675,-0.1238,0.1438,0.714,0.714,0.714,1.022,2.364,True
CD013781,14,ratio,-0.4986,0.02,-2.9055,1.9084,4.814,-0.9972,0.0001,0.9974,-0.9901,-0.0071,0.983,1.0,0.143,0.143,4.827,4.897,True
CD013789,38,difference,-0.0884,0.0837,-2.2656,2.0888,4.3545,-0.6973,0.5206,1.2179,-0.7031,0.5263,1.2294,0.974,0.711,0.711,3.575,3.542,True
CD013800,48,ratio,-0.1472,0.107,-1.0534,0.7589,1.8124,-0.8152,0.5207,1.336,-0.8156,0.5211,1.3366,0.979,0.875,0.875,1.357,1.356,True
CD013821,22,ratio,-0.2212,0.2492,-1.2614,0.819,2.0804,-1.2946,0.8522,2.1468,-1.2838,0.8414,2.1252,0.909,0.909,0.909,0.969,0.979,False
CD013822,15,ratio,0.3589,0.0291,-1.1189,1.8366,2.9555,-0.0288,0.7466,0.7754,-0.1226,0.8403,0.9629,1.0,0.6,0.667,3.811,3.069,True
CD013827,14,ratio,-0.2233,0.0834,-1.6015,1.155,2.7566,-0.996,0.5495,1.5456,-0.9869,0.5404,1.5273,0.929,0.5,0.5,1.784,1.805,True
CD013830,7,ratio,-0.33,0,-3.7814,3.1213,6.9027,-0.7807,0.1206,0.9014,-0.6448,-0.0153,0.6296,1.0,0.429,0.143,7.658,10.965,True
CD013834,8,difference,0.0319,0.2173,-1.4999,1.5636,3.0635,-1.2221,1.2859,2.508,-1.1734,1.2371,2.4105,1.0,1.0,1.0,1.221,1.271,True
CD013844,9,ratio,0.3658,0,-1.6168,2.3483,3.9651,-0.2612,0.9927,1.2539,-0.2181,0.9497,1.1678,1.0,0.444,0.444,3.162,3.395,True
CD013875,9,ratio,0.7962,0.0833,-0.3804,1.9727,2.353,-0.0316,1.6239,1.6555,-0.0091,1.6014,1.6105,1.0,0.889,0.889,1.421,1.461,True
CD014040,14,ratio,0.1242,0.0135,-0.2352,0.4836,0.7188,-0.1429,0.3914,0.5343,-0.1465,0.3949,0.5414,0.857,0.786,0.786,1.345,1.328,True
CD014089,6,ratio,0.4518,0,-0.3585,1.2621,1.6206,-0.1352,1.0388,1.174,-0.0043,0.9079,0.9121,0.667,0.667,0.667,1.38,1.777,True
CD014145,6,ratio,-0.3455,0.2127,-2.3229,1.6318,3.9547,-2.0387,1.3476,3.3863,-1.9144,1.2233,3.1377,0.833,0.833,0.833,1.168,1.26,True
CD014300,9,ratio,-0.0843,0.2909,-2.3509,2.1822,4.5332,-1.4661,1.2974,2.7634,-1.4535,1.2848,2.7384,1.0,0.778,0.778,1.64,1.655,True
CD014428,6,difference,-13.8595,36.1601,-34.9806,7.2617,42.2423,-32.4144,4.6955,37.11,-31.4161,3.6971,35.1132,1.0,1.0,1.0,1.138,1.203,True
CD014541,5,ratio,0.7116,0.0377,-0.3445,1.7677,2.1122,-0.1365,1.5597,1.6962,-0.0144,1.4375,1.4519,1.0,1.0,1.0,1.245,1.455,True
CD014544,12,ratio,-0.0016,0.0768,-2.1588,2.1555,4.3143,-0.7282,0.725,1.4532,-0.7424,0.7392,1.4816,0.833,0.667,0.667,2.969,2.912,True
CD014585,12,ratio,-0.0548,0.0188,-0.8111,0.7014,1.5124,-0.3904,0.2807,0.6711,-0.4051,0.2955,0.7006,0.833,0.583,0.583,2.254,2.159,True
CD014594,7,ratio,1.2091,0.0918,0.2495,2.1687,1.9192,0.3475,2.0707,1.7233,0.397,2.0212,1.6243,1.0,1.0,1.0,1.114,1.182,True
CD014624,38,ratio,0.164,0.0025,-0.745,1.0731,1.8181,0.0337,0.2944,0.2606,0.0339,0.2941,0.2602,0.868,0.342,0.342,6.975,6.988,True
CD014666,6,ratio,-0.0429,0.1265,-1.1674,1.0816,2.249,-1.1598,1.074,2.2338,-1.1991,1.1132,2.3123,0.833,0.833,0.833,1.007,0.973,True
CD014678,10,ratio,-0.1741,0.0094,-0.9131,0.5649,1.4779,-0.455,0.1068,0.5618,-0.4506,0.1025,0.5531,0.9,0.7,0.7,2.631,2.672,True
CD014713,5,ratio,-0.0066,0.068,-0.791,0.7778,1.5688,-1.0111,0.998,2.0091,-0.9609,0.9478,1.9087,0.8,0.8,0.8,0.781,0.822,False
CD014722,6,ratio,-0.4306,0.0225,-1.3313,0.4702,1.8015,-0.9862,0.125,1.1112,-0.9352,0.074,1.0092,1.0,1.0,1.0,1.621,1.785,True
CD014741,13,ratio,0.1146,0.01,-0.2824,0.5116,0.794,-0.1306,0.3598,0.4904,-0.1322,0.3614,0.4936,0.615,0.615,0.615,1.619,1.609,True
CD014758,22,difference,0.1776,0.0116,-0.3599,0.7152,1.0751,-0.0569,0.4121,0.469,-0.0602,0.4155,0.4757,0.955,0.773,0.773,2.292,2.26,True
CD014762,7,ratio,0.0794,0.0258,-0.5639,0.7226,1.2865,-0.413,0.5718,0.9848,-0.4085,0.5672,0.9757,0.571,0.571,0.429,1.306,1.319,True
CD014763,9,ratio,-1.8007,0,-3.6868,0.0853,3.772,-2.4736,-1.1279,1.3457,-2.4228,-1.1787,1.2441,1.0,0.667,0.667,2.803,3.032,True
CD014769,27,ratio,-0.1468,0.0053,-1.1718,0.8783,2.0501,-0.3493,0.0558,0.4051,-0.3482,0.0546,0.4027,0.926,0.296,0.296,5.061,5.09,True
CD014792,11,ratio,-0.4023,0,-1.7835,0.9788,2.7623,-1.0405,0.2358,1.2763,-0.7625,-0.0421,0.7205,0.909,0.727,0.545,2.164,3.834,True
CD014803,5,ratio,-0.0662,0,-1.6069,1.4745,3.0814,-1.2155,1.0831,2.2986,-0.9534,0.821,1.7744,1.0,0.8,0.8,1.341,1.737,True
CD014820,17,ratio,-0.0282,0.0106,-0.9127,0.8563,1.769,-0.287,0.2305,0.5175,-0.288,0.2316,0.5196,0.882,0.529,0.529,3.418,3.404,True
CD014833,5,ratio,0.225,0.0399,-0.7363,1.1864,1.9227,-0.5218,0.9719,1.4937,-0.4716,0.9217,1.3933,1.0,0.8,0.8,1.287,1.38,True
CD014844,6,ratio,-0.2497,0.1509,-2.3579,1.8586,4.2165,-1.5315,1.0321,2.5636,-1.4073,0.908,2.3153,1.0,0.833,0.833,1.645,1.821,True
CD014845,20,difference,-0.0593,0.0004,-0.3417,0.2231,0.5648,-0.1089,-0.0096,0.0993,-0.1091,-0.0094,0.0997,0.95,0.35,0.35,5.688,5.663,True
CD014855,7,ratio,0.0738,0.3961,-3.2042,3.3518,6.556,-1.7695,1.917,3.6864,-1.6515,1.799,3.4505,1.0,0.857,0.857,1.778,1.9,True
CD014869,8,ratio,-0.0137,0.0027,-0.39,0.3627,0.7527,-0.1654,0.1381,0.3035,-0.1739,0.1466,0.3205,0.875,0.625,0.75,2.48,2.349,True
CD014871,8,difference,0.1317,0.0072,-0.0787,0.342,0.4207,-0.099,0.3623,0.4613,-0.0911,0.3544,0.4455,1.0,1.0,1.0,0.912,0.944,False
CD014872,13,ratio,1.1036,0.0816,-0.4041,2.6113,3.0153,0.4126,1.7945,1.3819,0.4257,1.7815,1.3557,1.0,0.846,0.846,2.182,2.224,True
CD014889,5,ratio,-0.7803,0,-1.7195,0.1589,1.8784,-1.6287,0.0682,1.6969,-1.3699,-0.1906,1.1793,1.0,1.0,0.4,1.107,1.593,True
CD014914,16,ratio,0.2892,0.0292,-0.3994,0.9777,1.3772,-0.1108,0.6891,0.7999,-0.1115,0.6899,0.8014,0.812,0.688,0.688,1.722,1.718,True
CD014932,7,difference,-1.082,1.9648,-7.0388,4.8747,11.9135,-5.0764,2.9124,7.9888,-5.0365,2.8725,7.909,1.0,0.857,0.857,1.491,1.506,True
CD014937,66,ratio,-0.2594,0.0991,-1.2544,0.7356,1.9899,-0.9002,0.3814,1.2815,-0.9079,0.3891,1.297,0.712,0.545,0.545,1.553,1.534,True
CD014959,5,ratio,-0.5553,0.4749,-2.4728,1.3623,3.8351,-3.0838,1.9733,5.057,-2.9406,1.8301,4.7708,0.8,1.0,0.8,0.758,0.804,False
CD014964,54,ratio,0.3172,0.0461,-0.4074,1.0419,1.4493,-0.1202,0.7547,0.8749,-0.1221,0.7566,0.8787,0.926,0.815,0.815,1.657,1.649,True
CD014965,8,ratio,1.2666,0,-0.1263,2.6596,2.7859,0.607,1.9262,1.3191,0.7946,1.7386,0.944,0.875,0.625,0.625,2.112,2.951,True
CD014966,28,ratio,-0.0895,0.0386,-1.07,0.8909,1.9609,-0.5053,0.3262,0.8316,-0.5176,0.3385,0.8561,0.893,0.643,0.643,2.358,2.291,True
CD014967,5,ratio,0.3607,0,-0.8169,1.5382,2.3551,-0.5525,1.2738,1.8263,-0.3968,1.1181,1.5149,0.8,0.6,0.6,1.29,1.555,True
CD015003,10,ratio,0.7143,0.2923,-1.9633,3.3919,5.3552,-0.7497,2.1782,2.9279,-0.7212,2.1497,2.8709,1.0,0.7,0.7,1.829,1.865,True
CD015014,24,ratio,0.0342,0,-0.7414,0.8097,1.5511,-0.0858,0.1542,0.24,-0.068,0.1364,0.2044,0.833,0.333,0.333,6.463,7.588,True
CD015038,9,ratio,-1.3964,0.3964,-4.9325,2.1396,7.0721,-3.3242,0.5314,3.8556,-3.2581,0.4653,3.7234,1.0,0.778,0.778,1.834,1.899,True
CD015040,7,difference,-0.4327,0.2603,-2.2407,1.3752,3.6159,-1.9059,1.0405,2.9464,-1.8136,0.9482,2.7618,1.0,1.0,1.0,1.227,1.309,True
CD015042,7,ratio,-0.0202,0,-0.119,0.0787,0.1976,-0.0754,0.0351,0.1105,-0.0519,0.0116,0.0635,1.0,0.857,0.429,1.789,3.111,True
CD015083,67,difference,-0.1358,0.0303,-0.7879,0.5163,1.3042,-0.4883,0.2167,0.7051,-0.4904,0.2188,0.7092,0.955,0.791,0.791,1.85,1.839,True
CD015087,7,ratio,-0.3686,0.0917,-2.1736,1.4363,3.6099,-1.3069,0.5696,1.8765,-1.2778,0.5406,1.8184,1.0,0.857,0.857,1.924,1.985,True
CD015120,5,ratio,-0.0923,0,-1.365,1.1805,2.5455,-1.2416,1.0571,2.2987,-0.7799,0.5954,1.3753,0.8,0.8,0.6,1.107,1.851,True
CD015122,9,ratio,-0.7887,0.1527,-2.2218,0.6444,2.8662,-1.8971,0.3196,2.2167,-1.8644,0.287,2.1514,1.0,1.0,1.0,1.293,1.332,True
CD015124,8,ratio,-0.7514,0,-1.3843,-0.1184,1.2658,-1.0782,-0.4245,0.6537,-1.0277,-0.475,0.5528,1.0,0.75,0.625,1.936,2.29,True
CD015134,6,ratio,0.1504,0.0067,-0.8353,1.136,1.9713,-0.1693,0.47,0.6394,-0.1396,0.4403,0.5798,0.833,0.667,0.667,3.083,3.4,True
CD015140,5,ratio,-0.0917,0.0904,-1.4223,1.2389,2.6611,-1.2264,1.043,2.2693,-1.1059,0.9225,2.0284,1.0,1.0,1.0,1.173,1.312,True
CD015192,6,ratio,0.1939,0.3275,-1.9366,2.3244,4.261,-1.9056,2.2934,4.1991,-1.7512,2.139,3.8902,1.0,1.0,0.833,1.015,1.095,True
CD015213,12,ratio,-1.4942,0,-5.2615,2.2731,7.5346,-2.2933,-0.6951,1.5982,-2.1766,-0.8118,1.3648,1.0,0.667,0.667,4.714,5.521,True
CD015219,18,ratio,0.2382,0.0844,-0.7445,1.2208,1.9653,-0.4106,0.887,1.2975,-0.4175,0.8939,1.3114,0.889,0.833,0.833,1.515,1.499,True
CD015229,9,difference,-66.5402,133.9189,-131.1744,-1.9061,129.2683,-98.56,-34.5204,64.0396,-97.7527,-35.3278,62.4248,1.0,0.667,0.667,2.019,2.071,True
CD015252,7,ratio,-0.121,0,-0.7547,0.5127,1.2675,-0.2407,-0.0013,0.2394,-0.2086,-0.0335,0.1751,1.0,0.429,0.286,5.294,7.239,True
CD015254,10,ratio,-0.1347,0.0129,-0.4504,0.181,0.6314,-0.4194,0.1499,0.5693,-0.4266,0.1572,0.5838,0.8,0.8,0.8,1.109,1.081,True
CD015255,7,ratio,-0.2971,0.0806,-1.0564,0.4621,1.5184,-1.1016,0.5073,1.6089,-1.0741,0.4798,1.5539,1.0,1.0,1.0,0.944,0.977,False
CD015284,5,ratio,0.5278,0.1602,-1.6002,2.6557,4.2558,-0.9345,1.9901,2.9246,-0.7045,1.76,2.4645,1.0,1.0,1.0,1.455,1.727,True
CD015314,21,ratio,0.5635,0.1108,-0.5241,1.6511,2.1752,-0.1652,1.2922,1.4574,-0.1675,1.2946,1.4621,0.905,0.81,0.81,1.493,1.488,True
CD015326,16,difference,-0.0719,0.0009,-0.3006,0.1567,0.4573,-0.1462,0.0023,0.1484,-0.1459,0.002,0.1479,1.0,0.625,0.625,3.081,3.092,True
CD015328,27,difference,-0.1081,0.0307,-1.2319,1.0157,2.2476,-0.4834,0.2672,0.7507,-0.4897,0.2735,0.7632,1.0,0.778,0.778,2.994,2.945,True
CD015330,11,difference,0.0301,0,-0.6162,0.6765,1.2927,-0.0899,0.1501,0.24,-0.0785,0.1388,0.2174,0.909,0.455,0.455,5.386,5.947,True
CD015331,48,ratio,-0.168,0,-1.2685,0.9326,2.201,-0.2803,-0.0556,0.2247,-0.2777,-0.0582,0.2195,0.896,0.167,0.167,9.796,10.026,True
CD015332,5,ratio,-0.2039,0,-1.3031,0.8953,2.1984,-0.7359,0.3282,1.0641,-0.3732,-0.0346,0.3386,1.0,1.0,0.2,2.066,6.492,True
CD015350,9,ratio,-0.3511,0.6689,-4.1192,3.4169,7.536,-2.4882,1.7859,4.2741,-2.4767,1.7744,4.2511,1.0,0.889,0.889,1.763,1.773,True
CD015373,5,ratio,0.2238,0.197,-2.0191,2.4667,4.4858,-2.1458,2.5933,4.7391,-1.8517,2.2992,4.1509,1.0,1.0,0.8,0.947,1.081,False
CD015383,5,difference,-8.4087,0,-14.7185,-2.0989,12.6196,-15.7414,-1.076,14.6654,-12.3407,-4.4766,7.8641,1.0,1.0,0.8,0.86,1.605,False
CD015387,21,ratio,-0.2345,0.0076,-1.2107,0.7418,1.9525,-0.4514,-0.0175,0.4339,-0.4487,-0.0202,0.4285,0.905,0.571,0.571,4.499,4.557,True
CD015432,8,ratio,-0.129,0.1459,-1.2995,1.0415,2.3411,-1.1626,0.9046,2.0672,-1.1763,0.9183,2.0945,0.75,0.75,0.75,1.133,1.118,True
CD015443,19,ratio,0.6762,0.2037,-2.1929,3.5454,5.7383,-0.3347,1.6872,2.0219,-0.3381,1.6906,2.0287,1.0,0.789,0.789,2.838,2.829,True
CD015448,7,difference,1.6006,2.8437,-52.4487,55.6499,108.0986,-3.7084,6.9097,10.6181,-3.3736,6.5749,9.9485,1.0,0.857,0.857,10.181,10.866,True
CD015476,15,ratio,0.1668,0.012,-0.1324,0.466,0.5984,-0.0842,0.4178,0.502,-0.0807,0.4143,0.495,1.0,0.933,0.933,1.192,1.209,True
CD015518,12,difference,-0.3902,0.1556,-3.5402,2.7599,6.3,-1.3174,0.5371,1.8544,-1.3016,0.5213,1.8229,1.0,0.917,0.917,3.397,3.456,True
CD015520,5,difference,-0.257,0,-0.6545,0.1404,0.795,-0.5207,0.0066,0.5272,-0.4169,-0.0972,0.3197,1.0,1.0,0.8,1.508,2.486,True
CD015532,11,ratio,-0.0078,0.1123,-1.0062,0.9906,1.9969,-0.8358,0.8202,1.6559,-0.8275,0.8118,1.6393,0.909,0.909,0.909,1.206,1.218,True
CD015536,10,ratio,-0.4173,0.4929,-2.4327,1.5981,4.0308,-2.2295,1.3949,3.6244,-2.189,1.3544,3.5434,0.9,0.9,0.9,1.112,1.138,True
CD015584,13,ratio,0.0115,0.0006,-0.1162,0.1391,0.2553,-0.049,0.0719,0.1209,-0.0504,0.0733,0.1237,0.923,0.692,0.692,2.112,2.064,True
CD015588,16,ratio,-0.1581,0.0065,-1.4914,1.1752,2.6666,-0.359,0.0428,0.4019,-0.3569,0.0407,0.3976,0.938,0.5,0.5,6.636,6.707,True
CD015636,5,ratio,-1.4275,0,-1.9595,-0.8956,1.0639,-1.8776,-0.9775,0.9001,-1.75,-1.105,0.645,1.0,1.0,0.8,1.182,1.65,True
CD015673,14,ratio,-0.1174,0,-0.6866,0.4517,1.1383,-0.2548,0.0199,0.2746,-0.2267,-0.0082,0.2185,0.786,0.571,0.286,4.144,5.21,True
CD015721,6,ratio,0.0161,0.0019,-0.2533,0.2854,0.5387,-0.1367,0.1689,0.3056,-0.1242,0.1564,0.2806,1.0,0.833,0.833,1.763,1.919,True
CD015746,6,ratio,-1.6091,0.191,-3.3784,0.1602,3.5386,-2.9841,-0.2341,2.75,-2.8913,-0.3269,2.5644,1.0,0.833,0.833,1.287,1.38,True
CD015779,6,ratio,-0.9324,0,-2.087,0.2223,2.3093,-1.7298,-0.1349,1.5949,-1.4082,-0.4565,0.9517,0.833,0.5,0.5,1.448,2.426,True
CD015786,10,ratio,-1.3609,0,-3.9875,1.2657,5.2532,-2.4291,-0.2927,2.1364,-2.005,-0.7169,1.2881,1.0,0.9,0.8,2.459,4.078,True
CD015788,8,ratio,0.1667,0.0294,-0.3097,0.6432,0.9529,-0.294,0.6274,0.9215,-0.2791,0.6125,0.8917,1.0,1.0,1.0,1.034,1.069,True
CD015804,8,ratio,-0.0293,0.0003,-0.2466,0.188,0.4346,-0.1137,0.0551,0.1688,-0.1115,0.0529,0.1644,0.75,0.625,0.625,2.574,2.644,True
CD015824,5,ratio,-0.6349,0,-1.2504,-0.0193,1.231,-1.0436,-0.2261,0.8174,-0.9215,-0.3482,0.5734,0.8,0.6,0.4,1.506,2.147,True
CD015849,7,ratio,-0.164,0.0071,-3.2677,2.9398,6.2075,-0.4474,0.1194,0.5668,-0.4254,0.0975,0.5229,1.0,0.857,0.857,10.951,11.871,True
CD015854,5,ratio,-0.8275,0,-2.6076,0.9527,3.5604,-2.7169,1.062,3.7788,-1.9959,0.341,2.3369,1.0,1.0,0.8,0.942,1.524,False
CD015894,7,difference,-0.5632,0.1048,-1.5018,0.3753,1.8771,-1.4883,0.3619,1.8502,-1.4406,0.3142,1.7548,1.0,1.0,1.0,1.015,1.07,True
CD015932,10,ratio,-0.2841,0.0471,-0.8611,0.2929,1.154,-0.8196,0.2515,1.0711,-0.8333,0.2651,1.0984,0.7,0.7,0.7,1.077,1.051,True
CD016031,28,ratio,-0.2507,0,-5.5229,5.0215,10.5444,-0.6993,0.1979,0.8972,-0.6973,0.1959,0.8932,1.0,0.214,0.214,11.752,11.805,True
CD016064,5,ratio,0.2913,0,-1.9104,2.4931,4.4035,-0.6631,1.2457,1.9088,-0.4479,1.0306,1.4785,1.0,0.6,0.6,2.307,2.978,True
CD016119,16,ratio,0.2936,0.0973,-2.2595,2.8466,5.1061,-0.4455,1.0327,1.4782,-0.4273,1.0144,1.4417,1.0,0.75,0.75,3.454,3.542,True
CD016131,5,ratio,-0.3029,0,-0.6959,0.0901,0.786,-0.8138,0.2079,1.0217,-0.5706,-0.0353,0.5354,0.8,1.0,0.6,0.769,1.468,False
CD016136,30,difference,0.9477,0.296,-0.8024,2.6977,3.5001,-0.1948,2.0901,2.2849,-0.2024,2.0977,2.3001,0.967,0.833,0.833,1.532,1.522,True
CD016211,5,ratio,-0.4165,0,-1.8369,1.004,2.8409,-0.6797,-0.1533,0.5264,-0.5434,-0.2896,0.2538,1.0,0.8,0.6,5.397,11.194,True
